{
  "model_1": {
    "1d_nodes": {
      "std": 16.877747372392317,
      "mean": 308.0883673389159,
      "n_samples": 267019
    },
    "2d_nodes": {
      "std": 14.378797248324851,
      "mean": 322.11204023599186,
      "n_samples": 58367212
    }
  },
  "model_2": {
    "1d_nodes": {
      "std": 3.1917835210066836,
      "mean": 39.89407784165836,
      "n_samples": 3534894
    },
    "2d_nodes": {
      "std": 2.7271314545975693,
      "mean": 43.72995211001708,
      "n_samples": 76750047
    }
  }
}